{"cameraMode":{"drawMode":0,"name":"Shaded","section":"Shading Mode"},"sceneLighting":true,"audioPlay":false,"sceneViewState":{"m_AlwaysRefresh":false,"showFog":true,"showSkybox":true,"showFlares":true,"showImageEffects":true,"showParticleSystems":true,"showVisualEffectGraphs":true,"m_FxEnabled":true},"in2DMode":false,"pivot":{"x":10.10161018371582,"y":18.152009963989259,"z":11.408339500427246},"rotation":{"x":0.22388935089111329,"y":0.7467337846755981,"z":-0.30591046810150149,"w":0.5465168952941895},"size":3.595463514328003,"orthographic":false}